{
  "train_loss": [
    2.0844486327398393,
    2.0420158306757608,
    1.9121146542685372,
    1.8036081090806022,
    1.6934234074183874,
    1.6175715223191276,
    1.5929493979802207,
    1.5510093957658797,
    1.471246980485462,
    1.4412526686986287,
    1.3719017070437234,
    1.3284078968895807,
    1.258216108594622,
    1.2445767228565519,
    1.1868046408607846,
    1.09911352679843,
    1.091084339315929,
    0.9823133339957585,
    0.9265715091947525,
    0.9376693093587481,
    0.8353247226230682,
    0.7711979415681627,
    0.7488528045396956,
    0.8665791418817308,
    0.7537035204115368,
    0.7124680696971832,
    0.6826311747233073,
    0.6130268658910479,
    0.582399674824306,
    0.5987844609078907,
    0.5150682926177979,
    0.4534776664915539,
    0.3672403068769546,
    0.3886952930026584,
    0.3325144440408737,
    0.3270210384849518,
    0.266148023662113,
    0.17982204471315658,
    0.1373019443144874,
    0.15789380852901747,
    0.1719621235416049,
    0.12950861344616565,
    0.15719917747709486,
    0.15519762441279397,
    0.1309565884016809,
    0.0988691384120593,
    0.08121691555494354,
    0.09446349323150657,
    0.11667664485081794,
    0.05903733963708556
  ],
  "train_acc": [
    0.14484126984126985,
    0.18452380952380953,
    0.2490079365079365,
    0.2926587301587302,
    0.3263888888888889,
    0.3680555555555556,
    0.35813492063492064,
    0.3621031746031746,
    0.4017857142857143,
    0.40674603174603174,
    0.4365079365079365,
    0.48214285714285715,
    0.4880952380952381,
    0.5148809523809523,
    0.5277777777777778,
    0.5763888888888888,
    0.5833333333333334,
    0.6240079365079365,
    0.6488095238095238,
    0.6438492063492064,
    0.6775793650793651,
    0.7152777777777778,
    0.7202380952380952,
    0.6746031746031746,
    0.7142857142857143,
    0.7222222222222222,
    0.7341269841269841,
    0.7718253968253969,
    0.7896825396825397,
    0.7837301587301587,
    0.8204365079365079,
    0.8353174603174603,
    0.8809523809523809,
    0.8601190476190477,
    0.8720238095238095,
    0.8809523809523809,
    0.9057539682539683,
    0.9474206349206349,
    0.9583333333333334,
    0.9454365079365079,
    0.9444444444444444,
    0.9593253968253969,
    0.9503968253968254,
    0.9513888888888888,
    0.9583333333333334,
    0.9712301587301587,
    0.9771825396825397,
    0.9702380952380952,
    0.9603174603174603,
    0.9841269841269841
  ],
  "val_loss": [
    2.069186078177558,
    1.957616064283583,
    1.844352373370418,
    1.6918324541162562,
    1.6376540881616097,
    1.5537081294589572,
    1.5336101584964328,
    1.5283305733292192,
    1.7671904343145866,
    1.5578537472972163,
    1.5865576223090843,
    1.3784970839818318,
    1.4694506371462788,
    1.54655122756958,
    1.4164873538193878,
    1.3063538471857707,
    1.336319640830711,
    1.2446099254820082,
    1.2921454200038203,
    1.2804931711267542,
    1.2008834348784552,
    1.3245360409771954,
    1.360605694629528,
    1.230861125168977,
    1.629177000787523,
    1.2015687448007089,
    1.3708784094563238,
    1.3403797811932034,
    1.524310995031286,
    1.3693883374885276,
    1.4977657265133328,
    1.2375820257045604,
    1.6769160164727106,
    1.362403670946757,
    1.4717647587811504,
    1.489530638412193,
    1.5223822681992143,
    1.4231108912715205,
    1.4999386072158813,
    1.7810559802585177,
    1.4362914518073753,
    1.6626140276590984,
    1.5756674166078921,
    1.5787791720143072,
    1.4487715341426708,
    1.4439685432999223,
    1.4117375126591436,
    1.5560671620898776,
    1.7822326377586082,
    1.559652809743528
  ],
  "val_acc": [
    0.1111111111111111,
    0.25925925925925924,
    0.27314814814814814,
    0.36574074074074076,
    0.39351851851851855,
    0.38425925925925924,
    0.39351851851851855,
    0.4074074074074074,
    0.28703703703703703,
    0.37962962962962965,
    0.36574074074074076,
    0.4675925925925926,
    0.375,
    0.37962962962962965,
    0.4537037037037037,
    0.5370370370370371,
    0.5092592592592593,
    0.5879629629629629,
    0.5694444444444444,
    0.5416666666666666,
    0.5694444444444444,
    0.5740740740740741,
    0.5648148148148148,
    0.625,
    0.4861111111111111,
    0.6203703703703703,
    0.6064814814814815,
    0.6018518518518519,
    0.5462962962962963,
    0.6527777777777778,
    0.5694444444444444,
    0.6435185185185185,
    0.6018518518518519,
    0.6111111111111112,
    0.625,
    0.6111111111111112,
    0.625,
    0.6620370370370371,
    0.6666666666666666,
    0.6342592592592593,
    0.6944444444444444,
    0.6759259259259259,
    0.7129629629629629,
    0.6759259259259259,
    0.6944444444444444,
    0.6898148148148148,
    0.7129629629629629,
    0.6851851851851852,
    0.6944444444444444,
    0.7175925925925926
  ]
}